﻿<?xml version="1.0" encoding="utf-8"?><DASHPROVISIONSETTINGS><MANAGEMENTTARGET><GLOBAL><HTTPS><ENABLESUPPORT>true</ENABLESUPPORT><TCPIPPORT>664</TCPIPPORT></HTTPS><HTTP><ENABLESUPPORT>false</ENABLESUPPORT><TCPIPPORT>623</TCPIPPORT></HTTP></GLOBAL><USERS><USER><USERID>user</USERID><PASSWORD>user1234</PASSWORD><ENABLE>true</ENABLE><ROLES><ROLE>Standard</ROLE></ROLES></USER><USER><USERID>admin</USERID><PASSWORD>admin1234</PASSWORD><ENABLE>true</ENABLE><ROLES><ROLE>Administrator</ROLE></ROLES></USER></USERS></MANAGEMENTTARGET></DASHPROVISIONSETTINGS>