﻿<?xml version="1.0" encoding="utf-8"?><DASHPROVISIONSETTINGS><MANAGEMENTTARGET><GLOBAL><ENABLEDASHTARGET>true</ENABLEDASHTARGET><HTTPS><ENABLESUPPORT>true</ENABLESUPPORT><TCPIPPORT>664</TCPIPPORT><HTTPREALM>Broadcom Management Service</HTTPREALM><HTTPSTARGETTOCONSOLE><CERTIFICATEPATH>DASHCA.cer</CERTIFICATEPATH></HTTPSTARGETTOCONSOLE><HTTPSCONSOLETOTARGET><CERTIFICATEPATH>DASHCA.cer</CERTIFICATEPATH></HTTPSCONSOLETOTARGET></HTTPS><HTTP><ENABLESUPPORT>false</ENABLESUPPORT><TCPIPPORT>623</TCPIPPORT><HTTPREALM>Broadcom Management Service</HTTPREALM><LIMITTODISCOVERY>true</LIMITTODISCOVERY></HTTP></GLOBAL><USERS><USER><USERID>user</USERID><PASSWORD>user1234</PASSWORD><ORGANIZATION>IT</ORGANIZATION><ENABLE>true</ENABLE><ROLES><ROLE>Standard</ROLE></ROLES></USER><USER><USERID>admin</USERID><PASSWORD>admin1234</PASSWORD><ORGANIZATION>IT</ORGANIZATION><ENABLE>true</ENABLE><ROLES><ROLE>Administrator</ROLE></ROLES></USER></USERS></MANAGEMENTTARGET></DASHPROVISIONSETTINGS>